user_ptr_id,created_at_date,date_join_cohort,score_three_parts,score_five_parts,booking_id,status,booking_type,promo_code,booking_date,pickup_date,return_date,booking_charge_less_discount,count(*),initial_date,max_created_at_date
4846,07/01/2024,2018-07,222,433,289722,"Rental Started",Weekly,60WRACIAZ,2024-07-04,2024-07-04,2024-07-11,804.905,1,07/01/2024,07/03/2024
5023,07/01/2024,2018-07,211,321,289220,"Rental Started",daily,NULL,2024-07-03,2024-07-03,2024-07-06,239.97,1,07/01/2024,07/03/2024
6616,07/01/2024,2018-10,222,334,288952,Collect,daily,NULL,2024-07-02,2024-07-02,2024-07-05,659.34,1,07/01/2024,07/03/2024
10428,07/01/2024,2019-02,333,555,289223,"Rental Started",Monthly,EZENBD,2024-07-03,2024-07-03,2024-08-02,1572.9,1,07/01/2024,07/03/2024
13643,07/01/2024,2019-05,321,522,289595,"Rental Started",daily,NULL,2024-07-04,2024-07-04,2024-07-07,269.97,1,07/01/2024,07/03/2024
14608,07/01/2024,2019-06,311,522,289391,"Rental Started",daily,NULL,2024-07-03,2024-07-03,2024-07-05,257.98,1,07/01/2024,07/03/2024
15688,07/01/2024,2019-07,233,455,288923,"Rental Started",daily,NULL,2024-07-02,2024-07-02,2024-07-08,557.9399999999999,1,07/01/2024,07/03/2024
15738,07/01/2024,2019-07,311,522,289206,"Rental Started",daily,NULL,2024-07-03,2024-07-03,2024-07-05,199.98,1,07/01/2024,07/03/2024
21238,07/01/2024,2019-10,322,533,289769,"Rental Started",daily,NULL,2024-07-04,2024-07-04,2024-07-07,317.97,1,07/01/2024,07/03/2024
22146,07/01/2024,2019-10,332,543,289572,Collect,daily,NULL,2024-07-04,2024-07-04,2024-07-05,99.99,1,07/01/2024,07/03/2024
22933,07/01/2024,2019-10,311,411,289267,"Rental Ended",daily,NULL,2024-07-03,2024-07-03,2024-07-04,89.99,1,07/01/2024,07/03/2024
28079,07/01/2024,2019-11,311,522,289385,"Rental Started",daily,NULL,2024-07-03,2024-07-03,2024-07-08,507.2,1,07/01/2024,07/03/2024
28089,07/01/2024,2019-11,322,522,288530,"Rental Ended",daily,NULL,2024-07-01,2024-07-01,2024-07-02,79.99,1,07/01/2024,07/03/2024
36339,07/01/2024,2020-01,322,534,289392,"Vendor Assigned",daily,NULL,2024-07-03,2024-07-31,2024-08-03,635.94,1,07/01/2024,07/03/2024
36763,07/01/2024,2020-01,311,421,289248,"Vendor Assigned",daily,EZB1119534,2024-07-03,2024-07-05,2024-07-06,0,1,07/01/2024,07/03/2024
54730,07/01/2024,2020-03,322,543,288970,"Rental Started",Weekly,NULL,2024-07-02,2024-07-02,2024-07-09,636.95,1,07/01/2024,07/03/2024
56995,07/01/2024,2020-04,322,532,289869,"Vendor Assigned",daily,EZENBD,2024-07-04,2024-07-05,2024-07-06,71.99199999999999,1,07/01/2024,07/03/2024
58221,07/01/2024,2020-05,333,544,289324,"Rental Started",Monthly,NULL,2024-07-03,2024-07-04,2024-08-03,2475.9,1,07/01/2024,07/03/2024
67742,07/01/2024,2020-07,322,533,289292,"Rental Started",daily,NULL,2024-07-03,2024-07-03,2024-07-06,347.97,1,07/01/2024,07/03/2024
68768,07/01/2024,2020-07,321,522,288902,"Vendor Assigned",daily,EZB1119806,2024-07-02,2024-07-05,2024-07-07,116.98,1,07/01/2024,07/03/2024
70942,07/01/2024,2020-07,332,544,289386,Collect,daily,NULL,2024-07-03,2024-07-03,2024-07-04,177.99,1,07/01/2024,07/03/2024
72220,07/01/2024,2020-07,222,422,289076,"Rental Started",daily,NULL,2024-07-02,2024-07-02,2024-07-05,277.02,1,07/01/2024,07/03/2024
73321,07/01/2024,2020-07,333,445,289081,"Rental Ended",daily,NULL,2024-07-02,2024-07-02,2024-07-04,499.98,1,07/01/2024,07/03/2024
73321,07/01/2024,2020-07,333,445,289894,"Rental Started",daily,NULL,2024-07-04,2024-07-04,2024-07-07,479.97,1,07/01/2024,07/03/2024
80906,07/01/2024,2020-09,122,143,288985,"Rental Ended",daily,NULL,2024-07-02,2024-07-02,2024-07-03,186.49,1,07/01/2024,07/03/2024
81453,07/01/2024,2020-09,333,555,289013,"Rental Started",Weekly,NULL,2024-07-02,2024-07-02,2024-07-14,1360.2,1,07/01/2024,07/03/2024
83405,07/01/2024,2020-09,332,444,289117,"Rental Started",Weekly,NULL,2024-07-02,2024-07-02,2024-07-09,677.9499999999999,1,07/01/2024,07/03/2024
83846,07/01/2024,2020-09,311,521,289807,"Rental Started",daily,NULL,2024-07-04,2024-07-04,2024-07-07,269.97,1,07/01/2024,07/03/2024
85194,07/01/2024,2020-09,211,422,289082,"Rental Started",daily,NULL,2024-07-02,2024-07-04,2024-07-07,317.97,1,07/01/2024,07/03/2024
86271,07/01/2024,2020-09,322,433,289236,"Rental Started",Monthly,NULL,2024-07-03,2024-07-03,2024-08-03,2349.63,1,07/01/2024,07/03/2024
87713,07/01/2024,2020-10,333,554,289025,"Rental Ended",daily,NULL,2024-07-02,2024-07-02,2024-07-03,89.99,1,07/01/2024,07/03/2024
88266,07/01/2024,2020-10,322,533,289333,"Rental Started",Monthly,HAZ100,2024-07-03,2024-07-03,2024-08-02,2327,1,07/01/2024,07/03/2024
89311,07/01/2024,2020-10,232,443,289655,"Rental Started",daily,EZB1120058,2024-07-04,2024-07-04,2024-07-06,80.97999999999999,1,07/01/2024,07/03/2024
91090,07/01/2024,2020-10,333,544,289276,"Rental Started",daily,NULL,2024-07-03,2024-07-03,2024-07-06,277.02,1,07/01/2024,07/03/2024
95097,07/01/2024,2020-11,322,533,289007,"Rental Started",daily,NULL,2024-07-02,2024-07-02,2024-07-05,317.97,1,07/01/2024,07/03/2024
97800,07/01/2024,2020-11,311,522,289382,"Rental Started",daily,NULL,2024-07-03,2024-07-04,2024-07-05,99.99,1,07/01/2024,07/03/2024
100265,07/01/2024,2020-11,322,423,288990,"Rental Ended",daily,NULL,2024-07-02,2024-07-02,2024-07-03,223.98,1,07/01/2024,07/03/2024
100265,07/01/2024,2020-11,322,423,289937,"Vendor Assigned",daily,NULL,2024-07-04,2024-07-05,2024-07-07,403.96,1,07/01/2024,07/03/2024
107454,07/01/2024,2020-12,322,533,289864,"Rental Started",daily,NULL,2024-07-04,2024-07-04,2024-07-05,200.98,1,07/01/2024,07/03/2024
114569,07/01/2024,2020-12,322,532,289183,"Rental Started",daily,NULL,2024-07-03,2024-07-03,2024-07-04,79.99,1,07/01/2024,07/03/2024
114847,07/01/2024,2020-12,311,511,288856,"Vendor Assigned",daily,EZB1120320,2024-07-02,2024-07-06,2024-07-07,37.97999999999999,1,07/01/2024,07/03/2024
121079,07/01/2024,2021-01,121,232,289242,"Rental Started",daily,NULL,2024-07-03,2024-07-03,2024-07-06,278.97,1,07/01/2024,07/03/2024
125262,07/01/2024,2021-01,321,531,289669,"Rental Ended",daily,NULL,2024-07-04,2024-07-04,2024-07-05,197.24,1,07/01/2024,07/03/2024
126702,07/01/2024,2021-01,333,545,289136,"Rental Started",Subscription,NULL,2024-07-02,2024-07-02,2024-08-01,1826.1,1,07/01/2024,07/03/2024
135846,07/01/2024,2021-02,311,521,289010,"Vendor Assigned",daily,NULL,2024-07-02,2024-07-06,2024-07-08,207.97,1,07/01/2024,07/03/2024
138229,07/01/2024,2021-02,211,211,289939,"Vendor Assigned",daily,NULL,2024-07-04,2024-07-07,2024-07-08,377.99,1,07/01/2024,07/03/2024
139783,07/01/2024,2021-03,333,544,289675,"Vendor Assigned",Weekly,RE50,2024-07-04,2024-07-05,2024-07-14,970.75,1,07/01/2024,07/03/2024
141943,07/01/2024,2021-03,322,534,289636,"Vendor Assigned",daily,NULL,2024-07-04,2024-07-09,2024-07-13,957.92,1,07/01/2024,07/03/2024
142113,07/01/2024,2021-03,233,355,289372,"Rental Started",daily,NULL,2024-07-03,2024-07-03,2024-07-09,576.99,1,07/01/2024,07/03/2024
143853,07/01/2024,2021-03,323,544,289701,"Vendor Assigned",daily,NULL,2024-07-04,2024-07-04,2024-07-06,417.98,1,07/01/2024,07/03/2024
144279,07/01/2024,2021-03,233,344,289759,"Rental Started",daily,NULL,2024-07-04,2024-07-04,2024-07-06,317.98,1,07/01/2024,07/03/2024
152240,07/01/2024,2021-04,333,544,289049,"Rental Started",daily,NULL,2024-07-02,2024-07-02,2024-07-05,317.97,1,07/01/2024,07/03/2024
166238,07/01/2024,2021-05,333,555,289718,"Rental Started",Monthly,NULL,2024-07-04,2024-07-04,2024-08-03,1749,1,07/01/2024,07/03/2024
171533,07/01/2024,2021-05,322,533,289583,"Rental Started",daily,NULL,2024-07-04,2024-07-04,2024-07-06,257.98,1,07/01/2024,07/03/2024
177150,07/01/2024,2021-06,322,533,288910,"Rental Started",Weekly,NULL,2024-07-02,2024-07-02,2024-07-09,628.95,1,07/01/2024,07/03/2024
177284,07/01/2024,2021-06,311,411,289383,"Rental Started",Weekly,NULL,2024-07-03,2024-07-03,2024-07-10,877.95,1,07/01/2024,07/03/2024
184084,07/01/2024,2021-07,311,521,289832,"Rental Started",daily,NULL,2024-07-04,2024-07-04,2024-07-05,89.99,1,07/01/2024,07/03/2024
184585,07/01/2024,2021-07,312,522,289048,"Rental Ended",daily,EZB1121049,2024-07-02,2024-07-02,2024-07-03,0,1,07/01/2024,07/03/2024
185858,07/01/2024,2021-07,312,522,289305,"Car Assigned",Monthly,NULL,2024-07-03,2024-07-04,2024-08-04,2276.1600000000003,1,07/01/2024,07/03/2024
187286,07/01/2024,2021-07,311,511,289605,"Vendor Assigned",daily,EZB1121080,2024-07-04,2024-07-06,2024-07-07,27.979999999999997,1,07/01/2024,07/03/2024
188121,07/01/2024,2021-07,321,532,289438,"Rental Ended",daily,NULL,2024-07-03,2024-07-03,2024-07-04,118.99,1,07/01/2024,07/03/2024
192591,07/01/2024,2021-08,212,312,289768,"Rental Ended",daily,NULL,2024-07-04,2024-07-04,2024-07-04,128.99,1,07/01/2024,07/03/2024
194216,07/01/2024,2021-08,323,544,289938,"Vendor Assigned",daily,NULL,2024-07-04,2024-07-06,2024-07-07,340.98,1,07/01/2024,07/03/2024
202231,07/01/2024,2021-09,211,422,289039,"Rental Started",Monthly,NULL,2024-07-02,2024-07-03,2024-08-02,1609,1,07/01/2024,07/03/2024
206675,07/01/2024,2021-09,322,533,289631,"Rental Started",daily,EZWIZZ,2024-07-04,2024-07-04,2024-07-09,520.1550000000001,1,07/01/2024,07/03/2024
213855,07/01/2024,2021-10,312,422,289839,"Rental Started",daily,NULL,2024-07-04,2024-07-04,2024-07-07,299.97,1,07/01/2024,07/03/2024
215482,07/01/2024,2021-10,322,533,288893,"Rental Ended",daily,NULL,2024-07-02,2024-07-02,2024-07-03,291.96,1,07/01/2024,07/03/2024
226677,07/01/2024,2021-11,311,521,288944,"Rental Ended",daily,BACK50,2024-07-02,2024-07-02,2024-07-03,39.99,1,07/01/2024,07/03/2024
238654,07/01/2024,2021-12,333,545,289863,"Vendor Assigned",daily,NULL,2024-07-04,2024-07-05,2024-07-11,953.88,1,07/01/2024,07/03/2024
242749,07/01/2024,2021-12,122,222,289054,"Rental Started",Monthly,NULL,2024-07-02,2024-07-02,2024-08-01,1686.9,1,07/01/2024,07/03/2024
242889,07/01/2024,2021-12,311,522,289040,"Vendor Assigned",daily,EZENBD,2024-07-02,2024-07-05,2024-07-06,86.3904,1,07/01/2024,07/03/2024
243659,07/01/2024,2021-12,233,345,289432,"Rental Started",Monthly,NULL,2024-07-03,2024-07-04,2024-08-03,2775.6000000000004,1,07/01/2024,07/03/2024
245336,07/01/2024,2021-12,311,422,289100,"Rental Ended",daily,NULL,2024-07-02,2024-07-03,2024-07-03,180.98,1,07/01/2024,07/03/2024
246543,07/01/2024,2021-12,222,433,289240,"Rental Started",daily,NULL,2024-07-03,2024-07-03,2024-07-04,79.99,1,07/01/2024,07/03/2024
262073,07/01/2024,2022-01,322,533,289225,"Rental Started",daily,NULL,2024-07-03,2024-07-03,2024-07-05,179.98,1,07/01/2024,07/03/2024
269389,07/01/2024,2022-02,222,332,289068,"Rental Ended",daily,NULL,2024-07-02,2024-07-02,2024-07-03,79.99,1,07/01/2024,07/03/2024
270438,07/01/2024,2022-02,311,521,289285,"Rental Started",daily,NULL,2024-07-03,2024-07-03,2024-07-05,159.98,1,07/01/2024,07/03/2024
273963,07/01/2024,2022-02,321,522,288951,"Rental Started",daily,NULL,2024-07-02,2024-07-02,2024-07-05,308.97,1,07/01/2024,07/03/2024
277130,07/01/2024,2022-02,211,321,289407,"Vendor Assigned",daily,NULL,2024-07-03,2024-07-05,2024-07-06,105.99,1,07/01/2024,07/03/2024
278416,07/01/2024,2022-02,311,521,289207,"Rental Started",daily,NULL,2024-07-03,2024-07-03,2024-07-05,159.98,1,07/01/2024,07/03/2024
281290,07/01/2024,2022-02,233,344,289349,"Rental Started",daily,NULL,2024-07-03,2024-07-03,2024-07-06,337.02,1,07/01/2024,07/03/2024
282658,07/01/2024,2022-02,333,555,289346,"Rental Started",Weekly,NULL,2024-07-03,2024-07-03,2024-07-30,3391.17,1,07/01/2024,07/03/2024
288732,07/01/2024,2022-03,311,521,289414,"Vendor Assigned",daily,EZB1121813,2024-07-03,2024-07-05,2024-07-06,6.989999999999995,1,07/01/2024,07/03/2024
297476,07/01/2024,2022-03,332,544,288976,"Rental Started",daily,NULL,2024-07-02,2024-07-02,2024-07-08,479.94,1,07/01/2024,07/03/2024
297855,07/01/2024,2022-03,321,532,288908,"Rental Ended",daily,NULL,2024-07-02,2024-07-02,2024-07-03,118.99,1,07/01/2024,07/03/2024
299855,07/01/2024,2022-04,311,511,288918,"Rental Started",daily,NULL,2024-07-02,2024-07-04,2024-07-05,119.99,1,07/01/2024,07/03/2024
300909,07/01/2024,2022-04,322,533,289069,"Vendor Assigned",daily,NULL,2024-07-02,2024-07-06,2024-07-07,181.987,1,07/01/2024,07/03/2024
303118,07/01/2024,2022-04,323,544,289033,"Rental Ended",daily,EZB1121933,2024-07-02,2024-07-02,2024-07-04,298.475,1,07/01/2024,07/03/2024
306431,07/01/2024,2022-04,322,522,288981,"Rental Ended",daily,NULL,2024-07-02,2024-07-02,2024-07-03,237.99,1,07/01/2024,07/03/2024
306517,07/01/2024,2022-04,333,555,288979,"Rental Started",Monthly,NULL,2024-07-02,2024-07-02,2024-08-01,3126.9,1,07/01/2024,07/03/2024
308500,07/01/2024,2022-04,311,522,288994,"Vendor Assigned",daily,EZB1121980,2024-07-02,2024-07-05,2024-07-06,0,1,07/01/2024,07/03/2024
309181,07/01/2024,2022-04,311,522,288972,"Rental Ended",daily,EZENBD,2024-07-02,2024-07-02,2024-07-03,93.242,1,07/01/2024,07/03/2024
311785,07/01/2024,2022-05,233,344,289004,"Vendor Assigned",daily,NULL,2024-07-02,2024-07-08,2024-07-10,317.98,1,07/01/2024,07/03/2024
315380,07/01/2024,2022-05,222,243,288896,"Rental Started",daily,NULL,2024-07-02,2024-07-02,2024-07-05,239.97,1,07/01/2024,07/03/2024
316241,07/01/2024,2022-05,311,511,289950,"Vendor Assigned",daily,NULL,2024-07-04,2024-07-13,2024-07-14,119.99,1,07/01/2024,07/03/2024
316419,07/01/2024,2022-05,333,455,289502,"Rental Started",daily,NULL,2024-07-03,2024-07-03,2024-07-05,257.98,1,07/01/2024,07/03/2024
316660,07/01/2024,2022-05,222,233,289168,"Rental Started",daily,NULL,2024-07-02,2024-07-04,2024-07-08,339.96,1,07/01/2024,07/03/2024
321259,07/01/2024,2022-05,333,545,289275,"Rental Started",Monthly,NULL,2024-07-03,2024-07-03,2024-08-02,1698.9,1,07/01/2024,07/03/2024
326606,07/01/2024,2022-06,332,544,289311,"Rental Started",Monthly,NULL,2024-07-03,2024-07-03,2024-08-02,2130.76,1,07/01/2024,07/03/2024
330869,07/01/2024,2022-06,233,344,289208,"Rental Started",Monthly,NULL,2024-07-03,2024-07-03,2024-08-03,2452.29,1,07/01/2024,07/03/2024
339020,07/01/2024,2022-07,322,533,289515,"Rental Started",daily,NULL,2024-07-03,2024-07-04,2024-07-05,105.99,1,07/01/2024,07/03/2024
343708,07/01/2024,2022-07,311,522,288722,"Rental Ended",daily,NULL,2024-07-01,2024-07-01,2024-07-01,267.24,1,07/01/2024,07/03/2024
351364,07/01/2024,2022-07,333,555,289228,"Vendor Assigned",Weekly,NULL,2024-07-03,2024-07-05,2024-07-12,706.95,1,07/01/2024,07/03/2024
352527,07/01/2024,2022-07,233,254,289123,"Rental Started",daily,NULL,2024-07-02,2024-07-02,2024-07-05,317.97,1,07/01/2024,07/03/2024
355028,07/01/2024,2022-08,211,322,288996,"Rental Started",Monthly,NULL,2024-07-02,2024-07-02,2024-08-01,1498.8,1,07/01/2024,07/03/2024
355791,07/01/2024,2022-08,311,522,289357,Collect,daily,NULL,2024-07-03,2024-07-04,2024-07-05,178.98000000000002,1,07/01/2024,07/03/2024
356263,07/01/2024,2022-08,311,411,289273,"Rental Started",daily,NULL,2024-07-03,2024-07-03,2024-07-05,159.98,1,07/01/2024,07/03/2024
361832,07/01/2024,2022-08,311,521,289853,"Rental Started",daily,NULL,2024-07-04,2024-07-04,2024-07-05,89.99,1,07/01/2024,07/03/2024
367514,07/01/2024,2022-08,333,555,289104,"Rental Ended",daily,NULL,2024-07-02,2024-07-03,2024-07-04,317.98,1,07/01/2024,07/03/2024
368518,07/01/2024,2022-08,212,323,288925,"Rental Started",daily,NULL,2024-07-02,2024-07-02,2024-07-07,677.95,1,07/01/2024,07/03/2024
371275,07/01/2024,2022-09,311,511,289084,"Rental Ended",daily,NULL,2024-07-02,2024-07-02,2024-07-03,121.98,1,07/01/2024,07/03/2024
371453,07/01/2024,2022-09,233,355,289044,"Rental Started",daily,NULL,2024-07-02,2024-07-02,2024-07-05,416.94,1,07/01/2024,07/03/2024
378872,07/01/2024,2022-09,322,533,289286,"Rental Started",daily,NULL,2024-07-03,2024-07-03,2024-07-05,201.96,1,07/01/2024,07/03/2024
380106,07/01/2024,2022-09,333,544,289380,"Rental Started",Monthly,NULL,2024-07-03,2024-07-03,2024-08-03,1807.3,1,07/01/2024,07/03/2024
381669,07/01/2024,2022-10,322,532,289617,"Rental Started",daily,NULL,2024-07-04,2024-07-04,2024-07-05,89.99,1,07/01/2024,07/03/2024
382411,07/01/2024,2022-10,322,533,289736,"Vendor Assigned",daily,EZB1123225,2024-07-04,2024-07-05,2024-07-07,138.03000000000003,1,07/01/2024,07/03/2024
389279,07/01/2024,2022-10,233,345,289002,"Rental Started",Monthly,NULL,2024-07-02,2024-07-02,2024-08-01,2526,1,07/01/2024,07/03/2024
392273,07/01/2024,2022-10,322,544,289577,"Rental Started",daily,NULL,2024-07-04,2024-07-04,2024-07-05,197.99,1,07/01/2024,07/03/2024
392337,07/01/2024,2022-10,222,333,289103,"Rental Started",daily,EZB1123713,2024-07-02,2024-07-03,2024-07-09,617.8800000000001,1,07/01/2024,07/03/2024
392740,07/01/2024,2022-10,333,555,288977,"Vendor Assigned",daily,NULL,2024-07-02,2024-07-07,2024-07-08,116.98,1,07/01/2024,07/03/2024
395423,07/01/2024,2022-11,311,521,289413,"Rental Started",daily,NULL,2024-07-03,2024-07-03,2024-07-07,782.9200000000001,1,07/01/2024,07/03/2024
395643,07/01/2024,2022-11,212,322,289604,"Rental Started",daily,EZENBD,2024-07-04,2024-07-04,2024-07-06,241.96,1,07/01/2024,07/03/2024
396328,07/01/2024,2022-11,322,533,289681,"Rental Started",daily,NULL,2024-07-04,2024-07-04,2024-07-06,299.96000000000004,1,07/01/2024,07/03/2024
398411,07/01/2024,2022-11,233,345,289424,"Rental Started",Weekly,EZENBD,2024-07-03,2024-07-03,2024-07-10,586.95,1,07/01/2024,07/03/2024
400609,07/01/2024,2022-11,333,555,289533,"Rental Started",daily,NULL,2024-07-03,2024-07-04,2024-07-05,248.98,1,07/01/2024,07/03/2024
402778,07/01/2024,2022-11,333,544,289588,"Rental Started",Monthly,NULL,2024-07-04,2024-07-04,2024-08-03,1725.9,1,07/01/2024,07/03/2024
405773,07/01/2024,2022-11,322,533,288947,"Rental Started",daily,NULL,2024-07-02,2024-07-03,2024-07-08,477.95,1,07/01/2024,07/03/2024
413237,07/01/2024,2022-12,311,522,289567,"Rental Started",daily,NULL,2024-07-04,2024-07-04,2024-07-05,145.98,1,07/01/2024,07/03/2024
413516,07/01/2024,2022-12,311,521,289532,"Rental Started",daily,BACK50,2024-07-03,2024-07-04,2024-07-05,39.99,1,07/01/2024,07/03/2024
414850,07/01/2024,2022-12,311,521,289843,"Rental Started",daily,EZB1124802,2024-07-04,2024-07-04,2024-07-05,0.9899999999999948,1,07/01/2024,07/03/2024
421867,07/01/2024,2023-01,211,311,288995,"Rental Started",daily,NULL,2024-07-02,2024-07-02,2024-07-05,269.97,1,07/01/2024,07/03/2024
424453,07/01/2024,2023-01,221,322,289066,"Rental Started",daily,EZENBD,2024-07-02,2024-07-02,2024-07-05,191.976,1,07/01/2024,07/03/2024
425989,07/01/2024,2023-01,222,333,289925,"Vendor Assigned",Monthly,NULL,2024-07-04,2024-07-05,2024-08-04,1684.9499999999998,1,07/01/2024,07/03/2024
429172,07/01/2024,2023-01,333,555,289474,"Vendor Assigned",daily,NULL,2024-07-03,2024-07-06,2024-07-08,179.98,1,07/01/2024,07/03/2024
429754,07/01/2024,2023-01,321,522,289051,"Rental Ended",daily,NULL,2024-07-02,2024-07-02,2024-07-03,89.99,1,07/01/2024,07/03/2024
429837,07/01/2024,2023-01,233,455,289291,"Rental Started",daily,NULL,2024-07-03,2024-07-03,2024-07-05,396.98,1,07/01/2024,07/03/2024
434566,07/01/2024,2023-02,311,522,288962,"Rental Ended",daily,NULL,2024-07-02,2024-07-02,2024-07-03,89.99,1,07/01/2024,07/03/2024
438699,07/01/2024,2023-02,222,443,289095,"Rental Started",Weekly,NULL,2024-07-02,2024-07-02,2024-07-10,638.8,1,07/01/2024,07/03/2024
440459,07/01/2024,2023-02,311,522,289960,"Vendor Assigned",daily,EZB1126138,2024-07-04,2024-07-06,2024-07-07,91.98,1,07/01/2024,07/03/2024
441020,07/01/2024,2023-02,322,422,288875,"Rental Ended",daily,NULL,2024-07-02,2024-07-02,2024-07-04,347.97,1,07/01/2024,07/03/2024
441394,07/01/2024,2023-02,333,444,289129,"Rental Ended",daily,NULL,2024-07-02,2024-07-02,2024-07-03,307.98,1,07/01/2024,07/03/2024
442726,07/01/2024,2023-02,333,555,289987,"Vendor Assigned",Monthly,EZB1126311,2024-07-05,2024-07-05,2024-08-15,2437.36,1,07/01/2024,07/03/2024
443446,07/01/2024,2023-02,333,555,289733,"Rental Started",Monthly,NULL,2024-07-04,2024-07-04,2024-08-03,2375.7,1,07/01/2024,07/03/2024
445679,07/01/2024,2023-03,333,555,289612,"Rental Started",daily,NULL,2024-07-04,2024-07-04,2024-07-06,458.96,1,07/01/2024,07/03/2024
446859,07/01/2024,2023-03,322,533,288525,"Rental Ended",daily,EZB1126602,2024-07-01,2024-07-01,2024-07-01,157.99,1,07/01/2024,07/03/2024
446948,07/01/2024,2023-03,322,533,289788,"Rental Started",daily,NULL,2024-07-04,2024-07-04,2024-07-05,99.99,1,07/01/2024,07/03/2024
447045,07/01/2024,2023-03,322,434,289254,"Vendor Assigned",daily,NULL,2024-07-03,2024-07-12,2024-07-14,437.97,1,07/01/2024,07/03/2024
447850,07/01/2024,2023-03,321,522,289557,"Rental Started",daily,NULL,2024-07-04,2024-07-04,2024-07-05,148.49,1,07/01/2024,07/03/2024
450648,07/01/2024,2023-03,312,522,289884,"Vendor Assigned",daily,NULL,2024-07-04,2024-07-05,2024-07-07,245.96,1,07/01/2024,07/03/2024
450839,07/01/2024,2023-03,311,521,289603,"Vendor Assigned",daily,NULL,2024-07-04,2024-07-07,2024-07-09,179.98,1,07/01/2024,07/03/2024
451241,07/01/2024,2023-03,311,522,289931,"Vendor Assigned",daily,EZENBD,2024-07-04,2024-07-05,2024-07-06,90.384,1,07/01/2024,07/03/2024
451853,07/01/2024,2023-03,322,534,289499,"Vendor Assigned",daily,NULL,2024-07-03,2024-07-09,2024-07-15,1013.88,1,07/01/2024,07/03/2024
454282,07/01/2024,2023-03,333,444,289590,"Rental Started",daily,EZB1126751,2024-07-04,2024-07-04,2024-07-06,100.98,1,07/01/2024,07/03/2024
454515,07/01/2024,2023-03,333,545,289773,"Vendor Assigned",Weekly,NULL,2024-07-04,2024-07-05,2024-07-29,2594.4,1,07/01/2024,07/03/2024
454670,07/01/2024,2023-03,311,522,289470,"Rental Started",daily,NULL,2024-07-03,2024-07-03,2024-07-05,179.98,1,07/01/2024,07/03/2024
455578,07/01/2024,2023-04,333,545,289363,Collect,daily,NULL,2024-07-03,2024-07-04,2024-07-05,177.99,1,07/01/2024,07/03/2024
456649,07/01/2024,2023-04,222,444,289727,"Rental Started",daily,NULL,2024-07-04,2024-07-04,2024-07-05,89.99,1,07/01/2024,07/03/2024
457089,07/01/2024,2023-04,322,534,289600,"Vendor Assigned",daily,NULL,2024-07-04,2024-07-07,2024-07-10,446.94,1,07/01/2024,07/03/2024
458533,07/01/2024,2023-04,321,422,288924,"Rental Started",daily,EZB1127065,2024-07-02,2024-07-04,2024-07-06,140.98,1,07/01/2024,07/03/2024
465045,07/01/2024,2023-05,322,543,289190,"Rental Ended",daily,NULL,2024-07-03,2024-07-03,2024-07-05,198.98,1,07/01/2024,07/03/2024
465975,07/01/2024,2023-05,322,522,289867,"Vendor Assigned",daily,NULL,2024-07-04,2024-07-05,2024-07-06,129.99,1,07/01/2024,07/03/2024
465976,07/01/2024,2023-05,212,312,289934,"Vendor Assigned",daily,NULL,2024-07-04,2024-07-05,2024-07-08,416.94,1,07/01/2024,07/03/2024
466590,07/01/2024,2023-05,333,544,288897,"Rental Started",Monthly,NULL,2024-07-02,2024-07-04,2024-08-03,2315.7,1,07/01/2024,07/03/2024
468594,07/01/2024,2023-05,333,555,289787,"Car Assigned",Monthly,NULL,2024-07-04,2024-07-04,2024-08-04,2814.0600000000004,1,07/01/2024,07/03/2024
468860,07/01/2024,2023-05,311,522,289928,"Vendor Assigned",daily,NULL,2024-07-04,2024-07-06,2024-07-07,167.99,1,07/01/2024,07/03/2024
469830,07/01/2024,2023-05,311,522,289262,"Vendor Assigned",daily,NULL,2024-07-03,2024-07-06,2024-07-07,145.98,1,07/01/2024,07/03/2024
471274,07/01/2024,2023-05,322,533,289325,"Rental Started",daily,NULL,2024-07-03,2024-07-03,2024-07-05,237.98,1,07/01/2024,07/03/2024
472202,07/01/2024,2023-05,233,355,288957,"Rental Started",Monthly,NULL,2024-07-02,2024-07-02,2024-08-01,2316,1,07/01/2024,07/03/2024
472773,07/01/2024,2023-05,311,522,289271,"Vendor Assigned",daily,NULL,2024-07-03,2024-07-06,2024-07-07,89.99,1,07/01/2024,07/03/2024
473715,07/01/2024,2023-05,311,522,289352,"Vendor Assigned",daily,NULL,2024-07-03,2024-07-05,2024-07-06,79.99,1,07/01/2024,07/03/2024
475356,07/01/2024,2023-06,321,522,289018,"Rental Ended",daily,NULL,2024-07-02,2024-07-02,2024-07-03,197.99,1,07/01/2024,07/03/2024
477201,07/01/2024,2023-06,221,322,289308,"Rental Started",daily,NULL,2024-07-03,2024-07-03,2024-07-05,237.98,1,07/01/2024,07/03/2024
477699,07/01/2024,2023-06,322,533,288878,"Rental Started",daily,NULL,2024-07-02,2024-07-02,2024-07-05,761.92,1,07/01/2024,07/03/2024
479418,07/01/2024,2023-06,322,533,289921,"Rental Started",daily,NULL,2024-07-04,2024-07-04,2024-07-05,128.99,1,07/01/2024,07/03/2024
479450,07/01/2024,2023-06,311,522,289906,"Vendor Assigned",daily,EZENBD,2024-07-04,2024-07-06,2024-07-07,98.384,1,07/01/2024,07/03/2024
479833,07/01/2024,2023-06,333,555,289405,"Car Assigned",Monthly,NULL,2024-07-03,2024-07-04,2024-08-03,1826.1,1,07/01/2024,07/03/2024
480359,07/01/2024,2023-06,311,521,289020,"Rental Ended",daily,NULL,2024-07-02,2024-07-03,2024-07-04,109.98,1,07/01/2024,07/03/2024
480794,07/01/2024,2023-06,333,455,289366,"Rental Started",daily,NULL,2024-07-03,2024-07-03,2024-07-05,257.98,1,07/01/2024,07/03/2024
481253,07/01/2024,2023-06,322,423,289330,"Rental Started",daily,NULL,2024-07-03,2024-07-03,2024-07-06,476.94000000000005,1,07/01/2024,07/03/2024
482954,07/01/2024,2023-06,311,511,289152,"Vendor Assigned",daily,EZB1128376,2024-07-02,2024-07-05,2024-07-07,188.98,1,07/01/2024,07/03/2024
483106,07/01/2024,2023-06,311,521,289164,"Rental Started",daily,NULL,2024-07-02,2024-07-03,2024-07-06,239.97,1,07/01/2024,07/03/2024
486824,07/01/2024,2023-07,322,533,289003,"Rental Ended",daily,NULL,2024-07-02,2024-07-02,2024-07-04,159.98,1,07/01/2024,07/03/2024
487486,07/01/2024,2023-07,322,533,289021,"Rental Ended",daily,NULL,2024-07-02,2024-07-02,2024-07-04,159.98,1,07/01/2024,07/03/2024
487909,07/01/2024,2023-07,322,543,289064,"Rental Started",Weekly,NULL,2024-07-02,2024-07-02,2024-07-09,916.95,1,07/01/2024,07/03/2024
487993,07/01/2024,2023-07,322,533,289536,"Rental Started",daily,EZESAAD,2024-07-03,2024-07-04,2024-07-09,622.36,1,07/01/2024,07/03/2024
488638,07/01/2024,2023-07,311,411,288992,"Rental Ended",daily,EZB1128844,2024-07-02,2024-07-03,2024-07-04,0,1,07/01/2024,07/03/2024
488946,07/01/2024,2023-07,322,533,288920,"Rental Ended",daily,NULL,2024-07-02,2024-07-02,2024-07-03,89.99,1,07/01/2024,07/03/2024
490408,07/01/2024,2023-07,322,533,288859,"Rental Ended",daily,NULL,2024-07-02,2024-07-02,2024-07-03,167.99,1,07/01/2024,07/03/2024
490454,07/01/2024,2023-07,311,522,289611,"Rental Started",daily,NULL,2024-07-04,2024-07-04,2024-07-05,167.99,1,07/01/2024,07/03/2024
492205,07/01/2024,2023-08,333,444,289143,"Rental Started",Weekly,NULL,2024-07-02,2024-07-02,2024-07-09,706.95,1,07/01/2024,07/03/2024
492703,07/01/2024,2023-08,312,513,289596,"Vendor Assigned",daily,NULL,2024-07-04,2024-07-04,2024-07-04,908.99,1,07/01/2024,07/03/2024
492830,07/01/2024,2023-08,311,421,289904,"Rental Started",daily,NULL,2024-07-04,2024-07-04,2024-07-05,89.99,1,07/01/2024,07/03/2024
493732,07/01/2024,2023-08,222,434,289709,"Rental Started",daily,NULL,2024-07-04,2024-07-04,2024-07-07,437.96,1,07/01/2024,07/03/2024
494320,07/01/2024,2023-08,333,544,289704,"Car Assigned",Monthly,NULL,2024-07-04,2024-07-04,2024-08-03,1725.9,1,07/01/2024,07/03/2024
495001,07/01/2024,2023-08,311,522,289492,"Rental Ended",daily,NULL,2024-07-03,2024-07-03,2024-07-05,173.84,1,07/01/2024,07/03/2024
495335,07/01/2024,2023-08,211,421,289966,"Car Assigned",daily,NULL,2024-07-05,2024-07-05,2024-07-06,169.978,1,07/01/2024,07/03/2024
496295,07/01/2024,2023-08,233,444,289523,"Rental Started",daily,NULL,2024-07-03,2024-07-03,2024-07-04,138.99,1,07/01/2024,07/03/2024
497598,07/01/2024,2023-08,311,511,289823,"Vendor Assigned",daily,EZB1129653,2024-07-04,2024-07-05,2024-07-06,0,1,07/01/2024,07/03/2024
497926,07/01/2024,2023-08,233,444,289241,"Rental Started",daily,NULL,2024-07-03,2024-07-03,2024-07-05,279.96,1,07/01/2024,07/03/2024
498931,07/01/2024,2023-08,321,422,289660,"Vendor Assigned",daily,EZB1129778,2024-07-04,2024-07-05,2024-07-06,0,1,07/01/2024,07/03/2024
500293,07/01/2024,2023-08,311,511,288993,"Vendor Assigned",daily,EZSTAFF20,2024-07-02,2024-07-06,2024-07-07,59.99,1,07/01/2024,07/03/2024
504902,07/01/2024,2023-09,322,522,289574,"Rental Started",daily,NULL,2024-07-04,2024-07-04,2024-07-05,223.98,1,07/01/2024,07/03/2024
506444,07/01/2024,2023-09,311,522,289181,"Rental Started",daily,NULL,2024-07-03,2024-07-03,2024-07-05,237.98,1,07/01/2024,07/03/2024
508653,07/01/2024,2023-09,322,523,289099,"Rental Ended",daily,NULL,2024-07-02,2024-07-02,2024-07-03,157.99,1,07/01/2024,07/03/2024
508947,07/01/2024,2023-09,322,523,289016,"Rental Ended",daily,NULL,2024-07-02,2024-07-02,2024-07-04,371.96,1,07/01/2024,07/03/2024
512088,07/01/2024,2023-10,323,444,289650,"Vendor Assigned",daily,NULL,2024-07-04,2024-07-06,2024-07-08,257.98,1,07/01/2024,07/03/2024
512250,07/01/2024,2023-10,312,522,289244,"Rental Started",daily,NULL,2024-07-03,2024-07-03,2024-07-06,567.94,1,07/01/2024,07/03/2024
512555,07/01/2024,2023-10,311,411,289019,"Rental Ended",daily,EZB1130901,2024-07-02,2024-07-02,2024-07-03,60.99000000000001,1,07/01/2024,07/03/2024
512633,07/01/2024,2023-10,311,522,289907,"Rental Started",daily,NULL,2024-07-04,2024-07-04,2024-07-05,129.99,1,07/01/2024,07/03/2024
514041,07/01/2024,2023-10,333,555,289303,"Rental Started",Weekly,EZB1131027,2024-07-03,2024-07-03,2024-07-23,1576,1,07/01/2024,07/03/2024
515034,07/01/2024,2023-10,322,533,289146,"Rental Started",daily,NULL,2024-07-02,2024-07-03,2024-07-07,397.96,1,07/01/2024,07/03/2024
515141,07/01/2024,2023-10,311,511,289576,"Rental Started",daily,EZB1131141,2024-07-04,2024-07-04,2024-07-05,0.9899999999999948,1,07/01/2024,07/03/2024
518519,07/01/2024,2023-10,311,511,289418,"Vendor Assigned",daily,NULL,2024-07-03,2024-07-05,2024-07-06,122.98,1,07/01/2024,07/03/2024
518939,07/01/2024,2023-10,322,533,289874,"Vendor Assigned",daily,NULL,2024-07-04,2024-07-05,2024-07-06,237.99,1,07/01/2024,07/03/2024
520359,07/01/2024,2023-10,311,522,289359,"Rental Started",Monthly,NULL,2024-07-03,2024-07-03,2024-08-02,2076.9,1,07/01/2024,07/03/2024
521117,07/01/2024,2023-10,333,544,289571,"Collection on the way",daily,EZB1131760,2024-07-04,2024-07-04,2024-07-05,98.99,1,07/01/2024,07/03/2024
521647,07/01/2024,2023-11,311,521,289096,"Rental Ended",daily,NULL,2024-07-02,2024-07-02,2024-07-03,79.99,1,07/01/2024,07/03/2024
521753,07/01/2024,2023-11,322,532,289705,"Vendor Assigned",daily,BACK50,2024-07-04,2024-07-05,2024-07-06,39.99,1,07/01/2024,07/03/2024
521769,07/01/2024,2023-11,322,533,289196,"Rental Started",daily,NULL,2024-07-03,2024-07-03,2024-07-06,317.97,1,07/01/2024,07/03/2024
521772,07/01/2024,2023-11,322,533,289384,"Rental Started",daily,NULL,2024-07-03,2024-07-04,2024-07-05,197.99,1,07/01/2024,07/03/2024
521816,07/01/2024,2023-11,321,522,289092,"Rental Started",daily,NULL,2024-07-02,2024-07-02,2024-07-05,279.97,1,07/01/2024,07/03/2024
522411,07/01/2024,2023-11,322,532,289964,"Vendor Assigned",daily,NULL,2024-07-05,2024-07-05,2024-07-07,215.98,1,07/01/2024,07/03/2024
522883,07/01/2024,2023-11,321,522,289690,"Rental Started",daily,NULL,2024-07-04,2024-07-04,2024-07-05,89.99,1,07/01/2024,07/03/2024
523677,07/01/2024,2023-11,311,522,289141,"Rental Started",daily,NULL,2024-07-02,2024-07-03,2024-07-05,279.96,1,07/01/2024,07/03/2024
523957,07/01/2024,2023-11,311,521,289560,"Rental Started",daily,NULL,2024-07-04,2024-07-04,2024-07-06,179.98,1,07/01/2024,07/03/2024
524057,07/01/2024,2023-11,311,411,289419,"Vendor Assigned",daily,NULL,2024-07-03,2024-07-06,2024-07-07,105.99,1,07/01/2024,07/03/2024
524645,07/01/2024,2023-11,311,521,289209,"Rental Ended",daily,NULL,2024-07-03,2024-07-03,2024-07-04,89.99,1,07/01/2024,07/03/2024
525042,07/01/2024,2023-11,311,521,289755,"Vendor Assigned",daily,EZB1132186,2024-07-04,2024-07-06,2024-07-07,0.9899999999999948,1,07/01/2024,07/03/2024
525843,07/01/2024,2023-11,311,522,289855,"Rental Started",daily,EZB1132257,2024-07-04,2024-07-04,2024-07-05,138.99,1,07/01/2024,07/03/2024
525942,07/01/2024,2023-11,311,511,289575,"Vendor Assigned",daily,EZB1132263,2024-07-04,2024-07-05,2024-07-06,0,1,07/01/2024,07/03/2024
526036,07/01/2024,2023-11,321,532,289872,"Rental Started",daily,EZENBD,2024-07-04,2024-07-04,2024-07-05,71.99199999999999,1,07/01/2024,07/03/2024
526996,07/01/2024,2023-11,311,522,289214,"Rental Started",daily,NULL,2024-07-03,2024-07-03,2024-07-05,201.96,1,07/01/2024,07/03/2024
528115,07/01/2024,2023-11,321,522,289625,"Rental Started",daily,NULL,2024-07-04,2024-07-04,2024-07-05,89.99,1,07/01/2024,07/03/2024
528177,07/01/2024,2023-11,321,521,288934,"Vendor Assigned",daily,EZB1132447,2024-07-02,2024-07-06,2024-07-07,4.989999999999995,1,07/01/2024,07/03/2024
528463,07/01/2024,2023-11,311,522,289411,"Vendor Assigned",daily,NULL,2024-07-03,2024-07-06,2024-07-07,167.99,1,07/01/2024,07/03/2024
529130,07/01/2024,2023-11,332,544,289648,"Rental Started",daily,EZB1132543,2024-07-04,2024-07-04,2024-07-07,209.97000000000003,1,07/01/2024,07/03/2024
530009,07/01/2024,2023-11,311,521,289070,"Rental Ended",daily,NULL,2024-07-02,2024-07-02,2024-07-03,102.98,1,07/01/2024,07/03/2024
530594,07/01/2024,2023-11,322,522,289074,"Rental Started",daily,NULL,2024-07-02,2024-07-03,2024-07-05,205.96,1,07/01/2024,07/03/2024
531036,07/01/2024,2023-11,333,544,289958,"Vendor Assigned",Monthly,NULL,2024-07-04,2024-07-05,2024-08-04,2045.7,1,07/01/2024,07/03/2024
531093,07/01/2024,2023-11,333,544,289374,"Rental Started",daily,NULL,2024-07-03,2024-07-03,2024-07-05,179.98,1,07/01/2024,07/03/2024
531379,07/01/2024,2023-11,311,522,289279,"Rental Started",daily,NULL,2024-07-03,2024-07-03,2024-07-04,102.98,1,07/01/2024,07/03/2024
531523,07/01/2024,2023-11,332,543,288891,"Rental Started",daily,NULL,2024-07-02,2024-07-02,2024-07-05,347.97,1,07/01/2024,07/03/2024
531564,07/01/2024,2023-11,311,511,288864,"Rental Ended",daily,NULL,2024-07-02,2024-07-02,2024-07-03,89.99,1,07/01/2024,07/03/2024
532135,07/01/2024,2023-11,322,433,289738,"Vendor Assigned",Monthly,NULL,2024-07-04,2024-07-04,2024-08-04,2174.53,1,07/01/2024,07/03/2024
532492,07/01/2024,2023-11,322,533,289721,"Rental Started",daily,NULL,2024-07-04,2024-07-04,2024-07-06,245.96,1,07/01/2024,07/03/2024
532584,07/01/2024,2023-12,311,512,288905,"Rental Started",daily,KJL1115880,2024-07-02,2024-07-02,2024-07-07,427.95,1,07/01/2024,07/03/2024
533715,07/01/2024,2023-12,311,522,288876,"Rental Ended",daily,NULL,2024-07-02,2024-07-02,2024-07-03,157.99,1,07/01/2024,07/03/2024
533820,07/01/2024,2023-12,321,522,289586,"Vendor Assigned",daily,NULL,2024-07-04,2024-07-05,2024-07-06,110.98,1,07/01/2024,07/03/2024
534375,07/01/2024,2023-12,322,533,288956,"Rental Started",daily,NULL,2024-07-02,2024-07-02,2024-07-05,347.22,1,07/01/2024,07/03/2024
534611,07/01/2024,2023-12,311,522,289184,"Rental Started",daily,NULL,2024-07-03,2024-07-03,2024-07-05,239.98,1,07/01/2024,07/03/2024
534738,07/01/2024,2023-12,321,421,289358,"Rental Started",daily,NULL,2024-07-03,2024-07-03,2024-07-05,368.96,1,07/01/2024,07/03/2024
534922,07/01/2024,2023-12,333,555,289055,"Rental Started",Weekly,NULL,2024-07-02,2024-07-03,2024-07-10,646.95,1,07/01/2024,07/03/2024
536013,07/01/2024,2023-12,311,411,289598,"Rental Started",daily,NULL,2024-07-04,2024-07-04,2024-07-05,89.99,1,07/01/2024,07/03/2024
536438,07/01/2024,2023-12,321,522,289147,"Vendor Assigned",daily,NULL,2024-07-02,2024-07-07,2024-07-08,197.99,1,07/01/2024,07/03/2024
536496,07/01/2024,2023-12,311,521,289503,"Rental Started",daily,BACK50,2024-07-03,2024-07-04,2024-07-05,39.99,1,07/01/2024,07/03/2024
536508,07/01/2024,2023-12,311,522,289909,"Vendor Assigned",daily,EZB1133132,2024-07-04,2024-07-05,2024-07-06,0.9899999999999948,1,07/01/2024,07/03/2024
537219,07/01/2024,2023-12,311,411,289663,Collect,daily,NULL,2024-07-04,2024-07-04,2024-07-05,128.99,1,07/01/2024,07/03/2024
537244,07/01/2024,2023-12,311,511,289035,"Rental Ended",daily,NULL,2024-07-02,2024-07-02,2024-07-04,159.98,1,07/01/2024,07/03/2024
539502,07/01/2024,2023-12,333,555,289213,"Vendor Assigned",daily,NULL,2024-07-03,2024-07-08,2024-07-11,821.9200000000001,1,07/01/2024,07/03/2024
539633,07/01/2024,2023-12,311,511,289073,"Vendor Assigned",daily,EZB1133347,2024-07-02,2024-07-06,2024-07-07,4.989999999999995,1,07/01/2024,07/03/2024
540126,07/01/2024,2023-12,333,544,289521,"Rental Started",daily,EZB1133374,2024-07-03,2024-07-04,2024-07-10,458.94000000000005,1,07/01/2024,07/03/2024
540447,07/01/2024,2023-12,322,423,289134,"Rental Started",Weekly,NULL,2024-07-02,2024-07-02,2024-07-17,1236.75,1,07/01/2024,07/03/2024
541971,07/01/2024,2023-12,322,434,289219,"Rental Started",Weekly,NULL,2024-07-03,2024-07-03,2024-07-11,836.8,1,07/01/2024,07/03/2024
542268,07/01/2024,2023-12,311,411,289748,"Vendor Assigned",daily,EZB1133504,2024-07-04,2024-07-07,2024-07-08,0,1,07/01/2024,07/03/2024
542388,07/01/2024,2023-12,311,521,289121,"Rental Ended",daily,NULL,2024-07-02,2024-07-02,2024-07-04,159.98,1,07/01/2024,07/03/2024
542990,07/01/2024,2023-12,311,511,289313,"Rental Ended",daily,NULL,2024-07-03,2024-07-03,2024-07-04,89.99,1,07/01/2024,07/03/2024
543139,07/01/2024,2023-12,332,543,289297,"Rental Started",daily,NULL,2024-07-03,2024-07-03,2024-07-05,159.98,1,07/01/2024,07/03/2024
543635,07/01/2024,2023-12,333,544,289393,"Rental Started",daily,EZB1133591,2024-07-03,2024-07-03,2024-07-05,127.28000000000004,1,07/01/2024,07/03/2024
544114,07/01/2024,2023-12,333,544,288954,"Rental Ended",daily,NULL,2024-07-02,2024-07-02,2024-07-03,157.99,1,07/01/2024,07/03/2024
544263,07/01/2024,2023-12,322,543,289535,"Vendor Assigned",daily,NULL,2024-07-03,2024-07-05,2024-07-06,119.99,1,07/01/2024,07/03/2024
545897,07/01/2024,2023-12,321,521,289289,"Rental Started",daily,EZB1133726,2024-07-03,2024-07-03,2024-07-05,60.97999999999999,1,07/01/2024,07/03/2024
547101,07/01/2024,2023-12,311,411,289370,"Rental Started",daily,EZB1133811,2024-07-03,2024-07-04,2024-07-05,60.99000000000001,1,07/01/2024,07/03/2024
547305,07/01/2024,2023-12,311,511,289131,"Vendor Assigned",daily,XFZ1115885,2024-07-02,2024-07-05,2024-07-06,45.99,1,07/01/2024,07/03/2024
547845,07/01/2024,2023-12,311,511,288890,"Rental Ended",daily,EZB1133861,2024-07-02,2024-07-02,2024-07-03,10.979999999999992,1,07/01/2024,07/03/2024
547886,07/01/2024,2023-12,311,511,288883,"Rental Ended",daily,EZESAAD,2024-07-02,2024-07-02,2024-07-04,181.764,1,07/01/2024,07/03/2024
548288,07/01/2024,2023-12,311,411,289798,"Rental Started",daily,NULL,2024-07-04,2024-07-04,2024-07-06,179.98,1,07/01/2024,07/03/2024
549504,07/01/2024,2024-01,311,512,289780,Collect,daily,NULL,2024-07-04,2024-07-04,2024-07-10,617.94,1,07/01/2024,07/03/2024
550606,07/01/2024,2024-01,311,511,289169,"Rental Ended",daily,NULL,2024-07-03,2024-07-03,2024-07-04,79.99,1,07/01/2024,07/03/2024
551574,07/01/2024,2024-01,322,534,289980,"Rental Started",daily,NULL,2024-07-05,2024-07-05,2024-07-08,1681.91,1,07/01/2024,07/03/2024
552089,07/01/2024,2024-01,311,411,289201,"Vendor Assigned",daily,EZB1134144,2024-07-03,2024-07-05,2024-07-07,197.36,1,07/01/2024,07/03/2024
552263,07/01/2024,2024-01,312,522,289294,"Rental Ended",daily,NULL,2024-07-03,2024-07-03,2024-07-04,157.99,1,07/01/2024,07/03/2024
554648,07/01/2024,2024-01,322,532,289602,"Vendor Assigned",daily,NULL,2024-07-04,2024-07-06,2024-07-07,144.99,1,07/01/2024,07/03/2024
555853,07/01/2024,2024-01,333,555,289230,"Rental Ended",daily,JTR1115886,2024-07-03,2024-07-03,2024-07-04,187.98,1,07/01/2024,07/03/2024
555984,07/01/2024,2024-01,311,522,289886,"Rental Started",daily,EZWIZZ,2024-07-04,2024-07-04,2024-07-05,214.191,1,07/01/2024,07/03/2024
556055,07/01/2024,2024-01,311,511,289234,"Vendor Assigned",daily,NULL,2024-07-03,2024-07-06,2024-07-07,79.99,1,07/01/2024,07/03/2024
556245,07/01/2024,2024-01,311,511,289838,"Rental Started",daily,NULL,2024-07-04,2024-07-04,2024-07-08,488.96,1,07/01/2024,07/03/2024
556448,07/01/2024,2024-01,332,544,288867,"Rental Ended",daily,NULL,2024-07-02,2024-07-02,2024-07-03,89.99,1,07/01/2024,07/03/2024
556448,07/01/2024,2024-01,332,544,289570,"Rental Started",Weekly,NULL,2024-07-04,2024-07-04,2024-07-11,698.95,1,07/01/2024,07/03/2024
556683,07/01/2024,2024-01,322,532,289224,"Rental Started",Weekly,NULL,2024-07-03,2024-07-03,2024-07-10,558.9499999999999,1,07/01/2024,07/03/2024
559567,07/01/2024,2024-01,311,511,289420,"Vendor Assigned",daily,NULL,2024-07-03,2024-07-06,2024-07-07,112.98,1,07/01/2024,07/03/2024
559874,07/01/2024,2024-01,311,511,289659,"Vendor Assigned",daily,NULL,2024-07-04,2024-07-06,2024-07-07,142.98,1,07/01/2024,07/03/2024
560041,07/01/2024,2024-01,311,522,289077,"Rental Ended",daily,EZB1134676,2024-07-02,2024-07-02,2024-07-03,20.989999999999995,1,07/01/2024,07/03/2024
560808,07/01/2024,2024-01,322,522,289973,"Vendor Assigned",daily,NULL,2024-07-05,2024-07-05,2024-07-07,215.98,1,07/01/2024,07/03/2024
560832,07/01/2024,2024-01,322,534,289170,"Rental Started",daily,NULL,2024-07-03,2024-07-03,2024-07-05,459.96,1,07/01/2024,07/03/2024
561190,07/01/2024,2024-01,312,522,288999,"Rental Started",daily,NULL,2024-07-02,2024-07-02,2024-07-05,446.94,1,07/01/2024,07/03/2024
561674,07/01/2024,2024-01,321,522,289947,"Vendor Assigned",daily,BACK50,2024-07-04,2024-07-05,2024-07-06,72.97999999999999,1,07/01/2024,07/03/2024
563519,07/01/2024,2024-01,311,511,289361,"Vendor Assigned",daily,EZB1134900,2024-07-03,2024-07-05,2024-07-06,30.99000000000001,1,07/01/2024,07/03/2024
563783,07/01/2024,2024-01,311,521,289038,"Rental Ended",daily,NULL,2024-07-02,2024-07-02,2024-07-03,79.99,1,07/01/2024,07/03/2024
563783,07/01/2024,2024-01,311,521,289697,"Rental Started",daily,NULL,2024-07-04,2024-07-04,2024-07-05,89.99,1,07/01/2024,07/03/2024
564433,07/01/2024,2024-01,333,554,289067,"Rental Started",Monthly,EZB1134979,2024-07-02,2024-07-03,2024-08-02,1626.9,1,07/01/2024,07/03/2024
564452,07/01/2024,2024-01,333,444,289594,"Rental Started",daily,NULL,2024-07-04,2024-07-04,2024-07-06,329.81,1,07/01/2024,07/03/2024
565050,07/01/2024,2024-02,322,422,288998,"Rental Started",daily,NULL,2024-07-02,2024-07-02,2024-07-08,683.8799999999999,1,07/01/2024,07/03/2024
566442,07/01/2024,2024-02,321,522,289457,"Rental Started",daily,NULL,2024-07-03,2024-07-03,2024-07-05,179.98,1,07/01/2024,07/03/2024
567041,07/01/2024,2024-02,321,522,289307,"Vendor Assigned",daily,EZB1135175,2024-07-03,2024-07-05,2024-07-06,0,1,07/01/2024,07/03/2024
568407,07/01/2024,2024-02,311,512,289217,"Rental Ended",daily,BACK50,2024-07-03,2024-07-03,2024-07-04,147.99,1,07/01/2024,07/03/2024
569067,07/01/2024,2024-02,321,422,289376,"Rental Started",daily,NULL,2024-07-03,2024-07-03,2024-07-05,228.23,1,07/01/2024,07/03/2024
570034,07/01/2024,2024-02,322,533,289498,Collect,daily,EZB1135381,2024-07-03,2024-07-04,2024-07-05,68.99000000000001,1,07/01/2024,07/03/2024
570745,07/01/2024,2024-02,333,554,289924,"Rental Started",daily,NULL,2024-07-04,2024-07-04,2024-07-05,145.98,1,07/01/2024,07/03/2024
571841,07/01/2024,2024-02,311,511,289175,"Rental Started",daily,EZB1135501,2024-07-03,2024-07-04,2024-07-05,3.979999999999993,1,07/01/2024,07/03/2024
572417,07/01/2024,2024-02,322,533,289028,"Rental Started",Weekly,NULL,2024-07-02,2024-07-02,2024-07-14,1036.2,1,07/01/2024,07/03/2024
573277,07/01/2024,2024-02,323,534,288898,"Rental Ended",daily,NULL,2024-07-02,2024-07-02,2024-07-03,217.99,1,07/01/2024,07/03/2024
573295,07/01/2024,2024-02,311,521,289741,"Vendor Assigned",daily,NULL,2024-07-04,2024-07-05,2024-07-06,89.99,1,07/01/2024,07/03/2024
573332,07/01/2024,2024-02,321,521,289300,"Rental Started",daily,NULL,2024-07-03,2024-07-03,2024-07-05,159.98,1,07/01/2024,07/03/2024
573689,07/01/2024,2024-02,311,512,289682,"Rental Started",daily,NULL,2024-07-04,2024-07-04,2024-07-05,149.98000000000002,1,07/01/2024,07/03/2024
575162,07/01/2024,2024-02,321,522,289112,"Rental Ended",daily,NULL,2024-07-02,2024-07-02,2024-07-03,89.99,1,07/01/2024,07/03/2024
575393,07/01/2024,2024-02,311,511,289565,Collect,daily,EZB1135742,2024-07-04,2024-07-04,2024-07-05,98.99,1,07/01/2024,07/03/2024
575931,07/01/2024,2024-02,311,511,289097,"Rental Ended",daily,NULL,2024-07-02,2024-07-03,2024-07-04,111.03,1,07/01/2024,07/03/2024
576227,07/01/2024,2024-02,321,532,288911,"Rental Ended",daily,NULL,2024-07-02,2024-07-02,2024-07-04,159.98,1,07/01/2024,07/03/2024
576708,07/01/2024,2024-02,311,511,289115,"Rental Started",Monthly,NULL,2024-07-02,2024-07-02,2024-08-01,1749,1,07/01/2024,07/03/2024
577019,07/01/2024,2024-02,322,543,288983,"Rental Started",Monthly,NULL,2024-07-02,2024-07-02,2024-08-01,1677,1,07/01/2024,07/03/2024
577103,07/01/2024,2024-02,311,522,289699,"Vendor Assigned",daily,NULL,2024-07-04,2024-07-06,2024-07-07,112.98,1,07/01/2024,07/03/2024
577308,07/01/2024,2024-02,333,555,288887,"Rental Started",Monthly,NULL,2024-07-02,2024-07-02,2024-08-01,1576.8,1,07/01/2024,07/03/2024
577868,07/01/2024,2024-02,322,533,289580,"Vendor Assigned",daily,NULL,2024-07-04,2024-07-05,2024-07-09,437.96,1,07/01/2024,07/03/2024
578452,07/01/2024,2024-02,311,521,289335,"Rental Started",daily,NULL,2024-07-03,2024-07-03,2024-07-06,338.97,1,07/01/2024,07/03/2024
578764,07/01/2024,2024-02,311,511,289205,"Vendor Assigned",daily,EZB1136011,2024-07-03,2024-07-07,2024-07-08,74.99000000000001,1,07/01/2024,07/03/2024
579287,07/01/2024,2024-03,321,521,289740,"Rental Started",daily,NULL,2024-07-04,2024-07-04,2024-07-07,269.97,1,07/01/2024,07/03/2024
580013,07/01/2024,2024-03,311,511,289368,"Car Assigned",daily,EZB1136107,2024-07-03,2024-07-04,2024-07-05,59.99000000000001,1,07/01/2024,07/03/2024
581160,07/01/2024,2024-03,322,533,289202,"Rental Started",daily,NULL,2024-07-03,2024-07-03,2024-07-05,397.98,1,07/01/2024,07/03/2024
581509,07/01/2024,2024-03,322,523,289231,"Rental Started",daily,NULL,2024-07-03,2024-07-03,2024-07-08,677.95,1,07/01/2024,07/03/2024
581677,07/01/2024,2024-03,311,511,289487,Collect,daily,NULL,2024-07-03,2024-07-04,2024-07-05,139.98,1,07/01/2024,07/03/2024
582185,07/01/2024,2024-03,311,522,288915,"Rental Ended",daily,EZB1136247,2024-07-02,2024-07-02,2024-07-04,138.98,1,07/01/2024,07/03/2024
582587,07/01/2024,2024-03,322,543,289421,"Rental Ended",daily,NULL,2024-07-03,2024-07-04,2024-07-04,206.99,1,07/01/2024,07/03/2024
583781,07/01/2024,2024-03,311,511,289089,"Rental Started",daily,NULL,2024-07-02,2024-07-04,2024-07-05,105.99,1,07/01/2024,07/03/2024
583943,07/01/2024,2024-03,311,511,289124,"Vendor Assigned",daily,NULL,2024-07-02,2024-07-06,2024-07-08,207.974,1,07/01/2024,07/03/2024
584387,07/01/2024,2024-03,321,522,289304,"Vendor Assigned",daily,EZB1136384,2024-07-03,2024-07-06,2024-07-07,58.99000000000001,1,07/01/2024,07/03/2024
586450,07/01/2024,2024-03,311,511,289059,"Rental Ended",daily,NULL,2024-07-02,2024-07-02,2024-07-04,168.98,1,07/01/2024,07/03/2024
586876,07/01/2024,2024-03,311,521,289566,"Rental Started",daily,EZB1136569,2024-07-04,2024-07-04,2024-07-05,6.989999999999995,1,07/01/2024,07/03/2024
587246,07/01/2024,2024-03,311,521,289622,"Rental Started",daily,NULL,2024-07-04,2024-07-04,2024-07-05,99.99,1,07/01/2024,07/03/2024
588513,07/01/2024,2024-03,322,533,288968,"Rental Started",daily,EZB1136692,2024-07-02,2024-07-02,2024-07-06,322.36,1,07/01/2024,07/03/2024
588770,07/01/2024,2024-03,311,511,289235,"Vendor Assigned",daily,EZB1136719,2024-07-03,2024-07-07,2024-07-08,0,1,07/01/2024,07/03/2024
589599,07/01/2024,2024-03,333,555,289899,"Vendor Assigned",Monthly,NULL,2024-07-04,2024-07-05,2024-08-04,2106.9,1,07/01/2024,07/03/2024
590264,07/01/2024,2024-03,321,522,289796,"Vendor Assigned",daily,NULL,2024-07-04,2024-07-04,2024-07-05,105.99,1,07/01/2024,07/03/2024
590406,07/01/2024,2024-03,321,522,289161,"Rental Started",Monthly,EZENBD,2024-07-02,2024-07-03,2024-08-03,1809.37,1,07/01/2024,07/03/2024
590596,07/01/2024,2024-03,311,521,289109,"Rental Ended",daily,NULL,2024-07-02,2024-07-02,2024-07-03,89.99,1,07/01/2024,07/03/2024
590729,07/01/2024,2024-03,311,511,288895,"Rental Ended",daily,EZB1136858,2024-07-02,2024-07-02,2024-07-03,20.989999999999995,1,07/01/2024,07/03/2024
591312,07/01/2024,2024-04,321,522,289940,"Vendor Assigned",daily,NULL,2024-07-04,2024-07-05,2024-07-06,303.96000000000004,1,07/01/2024,07/03/2024
591782,07/01/2024,2024-04,311,511,288986,"Vendor Assigned",daily,EZB1136943,2024-07-02,2024-07-07,2024-07-08,17.979999999999993,1,07/01/2024,07/03/2024
591822,07/01/2024,2024-04,322,533,288949,"Rental Ended",daily,EZB1136946,2024-07-02,2024-07-02,2024-07-03,91.98,1,07/01/2024,07/03/2024
592218,07/01/2024,2024-04,333,555,289281,"Rental Started",daily,NULL,2024-07-03,2024-07-03,2024-07-05,237.98,1,07/01/2024,07/03/2024
592716,07/01/2024,2024-04,321,522,289819,"Rental Started",daily,NULL,2024-07-04,2024-07-04,2024-07-05,89.99,1,07/01/2024,07/03/2024
593680,07/01/2024,2024-04,321,521,289430,"Rental Ended",daily,NULL,2024-07-03,2024-07-03,2024-07-04,89.99,1,07/01/2024,07/03/2024
595254,07/01/2024,2024-04,311,511,289443,"Vendor Assigned",daily,EZB1137199,2024-07-03,2024-07-05,2024-07-06,0.9899999999999948,1,07/01/2024,07/03/2024
596278,07/01/2024,2024-04,333,544,289786,"Vendor Assigned",daily,NULL,2024-07-04,2024-07-05,2024-07-06,145.98,1,07/01/2024,07/03/2024
598171,07/01/2024,2024-04,321,522,289615,"Vendor Assigned",daily,NULL,2024-07-04,2024-07-05,2024-07-06,79.99,1,07/01/2024,07/03/2024
598732,07/01/2024,2024-04,322,533,289844,"Rental Started",Monthly,NULL,2024-07-04,2024-07-04,2024-08-04,1652.3,1,07/01/2024,07/03/2024
599187,07/01/2024,2024-04,322,533,289102,"Rental Ended",daily,NULL,2024-07-02,2024-07-02,2024-07-04,188.98,1,07/01/2024,07/03/2024
599260,07/01/2024,2024-04,321,521,289735,"Rental Started",daily,RE50,2024-07-04,2024-07-04,2024-07-05,79.99000000000001,1,07/01/2024,07/03/2024
602823,07/01/2024,2024-04,322,533,289331,"Rental Ended",daily,NULL,2024-07-03,2024-07-03,2024-07-04,99.99,1,07/01/2024,07/03/2024
603142,07/01/2024,2024-04,322,522,289431,"Rental Ended",daily,NULL,2024-07-03,2024-07-03,2024-07-04,151.98000000000002,1,07/01/2024,07/03/2024
605578,07/01/2024,2024-04,322,533,289053,"Rental Started",daily,NULL,2024-07-02,2024-07-02,2024-07-08,683.8800000000001,1,07/01/2024,07/03/2024
606389,07/01/2024,2024-05,333,555,288958,"Rental Started",Monthly,EZB1137816,2024-07-02,2024-07-02,2024-08-01,1477.8,1,07/01/2024,07/03/2024
607171,07/01/2024,2024-05,322,532,289260,"Vendor Assigned",daily,EZB1137877,2024-07-03,2024-07-06,2024-07-08,138.98,1,07/01/2024,07/03/2024
607305,07/01/2024,2024-05,311,511,289295,"Vendor Assigned",daily,NULL,2024-07-03,2024-07-06,2024-07-07,79.99,1,07/01/2024,07/03/2024
607532,07/01/2024,2024-05,311,511,288961,"Rental Started",daily,EZB1141137,2024-07-02,2024-07-04,2024-07-07,150.97,1,07/01/2024,07/03/2024
607844,07/01/2024,2024-05,311,511,289912,"Vendor Assigned",daily,NULL,2024-07-04,2024-07-06,2024-07-07,158.99,1,07/01/2024,07/03/2024
608049,07/01/2024,2024-05,311,521,288921,"Rental Ended",daily,EZB1137936,2024-07-02,2024-07-02,2024-07-03,60.99000000000001,1,07/01/2024,07/03/2024
608980,07/01/2024,2024-05,321,522,289142,"Vendor Assigned",daily,NULL,2024-07-02,2024-07-05,2024-07-06,124.98,1,07/01/2024,07/03/2024
609233,07/01/2024,2024-05,322,523,289656,"Rental Started",Weekly,NULL,2024-07-04,2024-07-04,2024-07-11,880.2,1,07/01/2024,07/03/2024
609934,07/01/2024,2024-05,321,522,289825,"Rental Started",daily,NULL,2024-07-04,2024-07-04,2024-07-07,299.97,1,07/01/2024,07/03/2024
610869,07/01/2024,2024-05,311,511,289890,"Vendor Assigned",daily,NULL,2024-07-04,2024-07-05,2024-07-06,158.99,1,07/01/2024,07/03/2024
611722,07/01/2024,2024-05,323,544,288945,"Rental Started",Monthly,NULL,2024-07-02,2024-07-02,2024-08-01,2275.8,1,07/01/2024,07/03/2024
612673,07/01/2024,2024-05,322,522,289601,Collect,daily,NULL,2024-07-04,2024-07-04,2024-07-05,206.83,1,07/01/2024,07/03/2024
612895,07/01/2024,2024-05,311,511,289315,"Rental Ended",daily,NULL,2024-07-03,2024-07-03,2024-07-04,118.99,1,07/01/2024,07/03/2024
613149,07/01/2024,2024-05,321,521,289215,"Vendor Assigned",daily,EZB1138372,2024-07-03,2024-07-05,2024-07-07,92.98,1,07/01/2024,07/03/2024
613318,07/01/2024,2024-05,311,511,289350,"Rental Ended",daily,NULL,2024-07-03,2024-07-03,2024-07-04,151.98000000000002,1,07/01/2024,07/03/2024
613436,07/01/2024,2024-05,311,512,289504,"Vendor Assigned",daily,NULL,2024-07-03,2024-07-05,2024-07-07,323.96000000000004,1,07/01/2024,07/03/2024
613617,07/01/2024,2024-05,321,532,289116,"Rental Ended",daily,EZB1138412,2024-07-02,2024-07-03,2024-07-04,3.979999999999993,1,07/01/2024,07/03/2024
613936,07/01/2024,2024-05,322,523,289979,"Vendor Assigned",daily,NULL,2024-07-05,2024-07-05,2024-07-06,245.99,1,07/01/2024,07/03/2024
614224,07/01/2024,2024-05,322,533,288863,"Rental Started",daily,NULL,2024-07-02,2024-07-03,2024-07-06,557.97,1,07/01/2024,07/03/2024
614307,07/01/2024,2024-05,322,544,289770,"Vendor Assigned",Subscription,NULL,2024-07-04,2024-07-06,2024-08-05,1677.6,1,07/01/2024,07/03/2024
615691,07/01/2024,2024-05,311,521,289204,"Rental Started",daily,NULL,2024-07-03,2024-07-03,2024-07-05,159.98,1,07/01/2024,07/03/2024
615832,07/01/2024,2024-05,322,533,289728,"Rental Started",daily,EZENBD,2024-07-04,2024-07-04,2024-07-06,180.768,1,07/01/2024,07/03/2024
616015,07/01/2024,2024-05,311,521,289171,"Rental Ended",daily,NULL,2024-07-03,2024-07-03,2024-07-04,79.99,1,07/01/2024,07/03/2024
616575,07/01/2024,2024-05,311,511,289012,"Rental Started",daily,NULL,2024-07-02,2024-07-02,2024-07-06,761.9200000000001,1,07/01/2024,07/03/2024
616786,07/01/2024,2024-05,311,521,289111,"Rental Ended",daily,NULL,2024-07-02,2024-07-02,2024-07-03,157.99,1,07/01/2024,07/03/2024
617245,07/01/2024,2024-05,311,511,289618,"Rental Started",daily,NULL,2024-07-04,2024-07-04,2024-07-05,122.98,1,07/01/2024,07/03/2024
617534,07/01/2024,2024-05,311,511,289868,"Vendor Assigned",daily,EZB1145128,2024-07-04,2024-07-09,2024-07-10,0,1,07/01/2024,07/03/2024
617580,07/01/2024,2024-05,311,511,289395,"Rental Started",daily,EZB1138739,2024-07-03,2024-07-04,2024-07-05,11.38,1,07/01/2024,07/03/2024
617949,07/01/2024,2024-05,311,511,289667,"Rental Started",daily,NULL,2024-07-04,2024-07-04,2024-07-05,109.99,1,07/01/2024,07/03/2024
618012,07/01/2024,2024-05,311,511,289426,"Vendor Assigned",Monthly,NULL,2024-07-03,2024-07-11,2024-08-11,1982.76,1,07/01/2024,07/03/2024
618291,07/01/2024,2024-05,323,544,288909,"Rental Started",Weekly,NULL,2024-07-02,2024-07-03,2024-07-18,2574.88,1,07/01/2024,07/03/2024
618532,07/01/2024,2024-05,333,555,289246,"Rental Started",Monthly,NULL,2024-07-03,2024-07-03,2024-08-02,1599,1,07/01/2024,07/03/2024
618631,07/01/2024,2024-05,311,511,289425,"Rental Ended",daily,EZENBD,2024-07-03,2024-07-03,2024-07-04,124.784,1,07/01/2024,07/03/2024
619381,07/01/2024,2024-06,322,533,289105,"Rental Ended",daily,NULL,2024-07-02,2024-07-02,2024-07-03,157.99,1,07/01/2024,07/03/2024
620583,07/01/2024,2024-06,322,523,289423,"Rental Ended",daily,NULL,2024-07-03,2024-07-03,2024-07-04,89.99,1,07/01/2024,07/03/2024
620597,07/01/2024,2024-06,311,521,289130,"Rental Ended",daily,NULL,2024-07-02,2024-07-02,2024-07-03,89.99,1,07/01/2024,07/03/2024
620879,07/01/2024,2024-06,322,532,289573,"Rental Started",daily,NULL,2024-07-04,2024-07-04,2024-07-05,119.99,1,07/01/2024,07/03/2024
621013,07/01/2024,2024-06,322,522,288857,"Vendor Assigned",daily,EZEKP,2024-07-02,2024-07-05,2024-07-09,622.9548,1,07/01/2024,07/03/2024
621289,07/01/2024,2024-06,311,511,288513,"Rental Ended",daily,NULL,2024-07-01,2024-07-01,2024-07-02,79.99,1,07/01/2024,07/03/2024
621437,07/01/2024,2024-06,311,511,289379,"Vendor Assigned",daily,NULL,2024-07-03,2024-07-06,2024-07-07,167.99,1,07/01/2024,07/03/2024
621718,07/01/2024,2024-06,311,511,289327,"Rental Ended",daily,NULL,2024-07-03,2024-07-03,2024-07-04,278.97,1,07/01/2024,07/03/2024
621871,07/01/2024,2024-06,311,511,288885,"Rental Ended",daily,NULL,2024-07-02,2024-07-02,2024-07-04,205.96,1,07/01/2024,07/03/2024
622131,07/01/2024,2024-06,311,521,289797,"Rental Started",daily,NULL,2024-07-04,2024-07-04,2024-07-05,145.98,1,07/01/2024,07/03/2024
622191,07/01/2024,2024-06,311,511,289941,"Vendor Assigned",daily,EZB1141142,2024-07-04,2024-07-06,2024-07-07,0,1,07/01/2024,07/03/2024
622305,07/01/2024,2024-06,311,511,289290,"Vendor Assigned",daily,EZB1138902,2024-07-03,2024-07-06,2024-07-08,106.95999999999998,1,07/01/2024,07/03/2024
622322,07/01/2024,2024-06,311,511,289298,"Rental Started",daily,NULL,2024-07-03,2024-07-03,2024-07-05,179.98,1,07/01/2024,07/03/2024
622331,07/01/2024,2024-06,322,533,289133,Collect,daily,NULL,2024-07-02,2024-07-03,2024-07-07,437.96,1,07/01/2024,07/03/2024
622545,07/01/2024,2024-06,322,532,289256,"Rental Started",daily,NULL,2024-07-03,2024-07-03,2024-07-07,397.96,1,07/01/2024,07/03/2024
622662,07/01/2024,2024-06,322,522,289371,"Rental Started",daily,NULL,2024-07-03,2024-07-03,2024-07-06,311.94,1,07/01/2024,07/03/2024
622914,07/01/2024,2024-06,311,511,289043,"Rental Ended",daily,EZB1118098,2024-07-02,2024-07-03,2024-07-04,0,1,07/01/2024,07/03/2024
623043,07/01/2024,2024-06,322,544,288930,"Rental Started",daily,NULL,2024-07-02,2024-07-02,2024-07-05,380.94000000000005,1,07/01/2024,07/03/2024
623095,07/01/2024,2024-06,322,544,288913,"Rental Started",daily,NULL,2024-07-02,2024-07-04,2024-07-07,515.94,1,07/01/2024,07/03/2024
623771,07/01/2024,2024-06,323,544,289790,"Car Assigned",Monthly,NULL,2024-07-04,2024-07-04,2024-08-03,1725.9,1,07/01/2024,07/03/2024
624107,07/01/2024,2024-06,311,511,289107,"Rental Started",daily,NULL,2024-07-02,2024-07-03,2024-07-05,205.96,1,07/01/2024,07/03/2024
624208,07/01/2024,2024-06,311,511,289986,"Vendor Assigned",daily,NULL,2024-07-05,2024-07-05,2024-07-06,208.98,1,07/01/2024,07/03/2024
624459,07/01/2024,2024-06,311,511,289848,"Rental Started",daily,NULL,2024-07-04,2024-07-04,2024-07-06,179.98,1,07/01/2024,07/03/2024
624605,07/01/2024,2024-06,321,522,289014,"Rental Ended",daily,NULL,2024-07-02,2024-07-03,2024-07-04,157.99,1,07/01/2024,07/03/2024
624685,07/01/2024,2024-06,321,522,289782,"Vendor Assigned",daily,NULL,2024-07-04,2024-07-05,2024-07-06,257.98,1,07/01/2024,07/03/2024
625014,07/01/2024,2024-06,311,511,288938,"Rental Ended",daily,EZB1138959,2024-07-02,2024-07-03,2024-07-04,20.989999999999995,1,07/01/2024,07/03/2024
625324,07/01/2024,2024-06,311,511,289539,"Rental Started",daily,EZB1138965,2024-07-04,2024-07-04,2024-07-05,98.99,1,07/01/2024,07/03/2024
625334,07/01/2024,2024-06,311,511,289975,"Vendor Assigned",daily,EZB1141147,2024-07-05,2024-07-06,2024-07-08,202.96,1,07/01/2024,07/03/2024
625465,07/01/2024,2024-06,311,511,288882,"Rental Ended",daily,EZB1141148,2024-07-02,2024-07-03,2024-07-04,1.979999999999993,1,07/01/2024,07/03/2024
626529,07/01/2024,2024-06,311,511,289245,"Vendor Assigned",daily,NULL,2024-07-03,2024-07-06,2024-07-07,79.99,1,07/01/2024,07/03/2024
626735,07/01/2024,2024-06,311,511,288860,"Rental Ended",daily,NULL,2024-07-02,2024-07-02,2024-07-04,159.98,1,07/01/2024,07/03/2024
626788,07/01/2024,2024-06,333,545,289814,"Vendor Assigned",daily,NULL,2024-07-04,2024-07-05,2024-07-06,223.98,1,07/01/2024,07/03/2024
627387,07/01/2024,2024-06,322,543,289159,"Rental Started",Weekly,NULL,2024-07-02,2024-07-03,2024-07-10,780.95,1,07/01/2024,07/03/2024
627390,07/01/2024,2024-06,311,511,288989,"Rental Ended",daily,NULL,2024-07-02,2024-07-02,2024-07-03,79.99,1,07/01/2024,07/03/2024
627415,07/01/2024,2024-06,322,533,289088,"Rental Ended",daily,NULL,2024-07-02,2024-07-02,2024-07-03,157.99,1,07/01/2024,07/03/2024
627441,07/01/2024,2024-06,322,533,288928,"Rental Started",Monthly,NULL,2024-07-02,2024-07-02,2024-08-01,1686.9,1,07/01/2024,07/03/2024
627518,07/01/2024,2024-06,322,522,289199,"Rental Started",daily,NULL,2024-07-03,2024-07-04,2024-07-07,437.94,1,07/01/2024,07/03/2024
627576,07/01/2024,2024-06,322,533,289093,"Rental Started",Monthly,NULL,2024-07-02,2024-07-02,2024-08-01,2925.9,1,07/01/2024,07/03/2024
627900,07/01/2024,2024-06,311,511,289261,"Rental Started",Weekly,NULL,2024-07-03,2024-07-03,2024-07-10,998.97,1,07/01/2024,07/03/2024
627947,07/01/2024,2024-06,322,523,289274,"Vendor Assigned",daily,EZB1141150,2024-07-03,2024-07-06,2024-07-07,79.98,1,07/01/2024,07/03/2024
628182,07/01/2024,2024-06,322,532,289323,"Rental Started",daily,NULL,2024-07-03,2024-07-03,2024-07-09,576.9899999999999,1,07/01/2024,07/03/2024
628207,07/01/2024,2024-06,321,531,289922,"Rental Started",daily,EZENBD,2024-07-04,2024-07-04,2024-07-06,143.98399999999998,1,07/01/2024,07/03/2024
628239,07/01/2024,2024-06,311,511,289162,"Rental Ended",daily,NULL,2024-07-02,2024-07-03,2024-07-04,79.99,1,07/01/2024,07/03/2024
628581,07/01/2024,2024-06,321,521,289189,"Rental Started",daily,NULL,2024-07-03,2024-07-03,2024-07-05,159.98,1,07/01/2024,07/03/2024
628954,07/01/2024,2024-06,322,543,289578,"Rental Started",daily,NULL,2024-07-04,2024-07-04,2024-07-09,577.95,1,07/01/2024,07/03/2024
629023,07/01/2024,2024-06,321,522,288984,"Rental Started",daily,NULL,2024-07-02,2024-07-03,2024-07-06,277.02,1,07/01/2024,07/03/2024
629133,07/01/2024,2024-06,321,521,289422,"Rental Started",daily,NULL,2024-07-03,2024-07-03,2024-07-05,248.98,1,07/01/2024,07/03/2024
629551,07/01/2024,2024-06,312,513,289962,"Vendor Assigned",daily,NULL,2024-07-04,2024-07-05,2024-07-07,397.98,1,07/01/2024,07/03/2024
629560,07/01/2024,2024-06,311,512,288927,"Vendor Assigned",daily,NULL,2024-07-02,2024-07-06,2024-07-07,285.977,1,07/01/2024,07/03/2024
629741,07/01/2024,2024-06,323,534,289108,"Rental Started",Weekly,NULL,2024-07-02,2024-07-02,2024-07-09,628.95,1,07/01/2024,07/03/2024
629895,07/01/2024,2024-06,322,533,289952,"Rental Started",Monthly,NULL,2024-07-04,2024-07-05,2024-08-04,1798.8,1,07/01/2024,07/03/2024
629914,07/01/2024,2024-06,321,521,289119,"Rental Ended",daily,NULL,2024-07-02,2024-07-02,2024-07-03,79.99,1,07/01/2024,07/03/2024
630166,07/01/2024,2024-06,322,533,289058,"Rental Started",daily,NULL,2024-07-02,2024-07-02,2024-07-05,278.97,1,07/01/2024,07/03/2024
630282,07/01/2024,2024-06,321,522,289373,"Rental Started",daily,NULL,2024-07-03,2024-07-03,2024-07-06,236.07,1,07/01/2024,07/03/2024
630308,07/01/2024,2024-06,321,522,289654,"Vendor Assigned",daily,NULL,2024-07-04,2024-07-05,2024-07-06,89.99,1,07/01/2024,07/03/2024
630428,07/01/2024,2024-06,323,525,289969,"Vendor Assigned",daily,NULL,2024-07-05,2024-07-05,2024-07-07,2729.96,1,07/01/2024,07/03/2024
630451,07/01/2024,2024-06,321,522,288903,"Rental Ended",daily,NULL,2024-07-02,2024-07-02,2024-07-03,157.99,1,07/01/2024,07/03/2024
630637,07/01/2024,2024-06,322,523,289944,"Vendor Assigned",daily,NULL,2024-07-04,2024-07-05,2024-07-07,417.98,1,07/01/2024,07/03/2024
